"What (City, State) are you located in?",What's your highest level of education?,Department,How's the employee turnover?,How many years of experience do you have?,What is/was your length of orientation/training?,What is the Nurse - Patient Ratio?,What is your hourly rate ($/hr)?,What's Your Shift Length?,Which Shift?,Other,Full-Time/Part-Time?,"Do you have any special skills that set you apart from other nurses? (examples: CCRN, CNOR, Special Procedures, etc.)",Would you recommend your department to another nurse?,How did you hear about Project Nurse?,Start Date (UTC),Submit Date (UTC)
"Ann Arbor, mi ",Bachelors,Cardiac Stepdown unit,Medium,5,8 weeks,"3:1 days, 4:1 nights ",$30 ,12-Hour,,Rotating days and nights,Part-Time,,Yes,,3/1/17 16:58,3/1/17 17:02
"San Jose, CA",Bachelors,ICU,Medium,"1, 3 total in nursing",1.5 weeks,"2:1 in ICU, 3:1 Stepdown, 4:1 Tele, 5:1 Med/Surg",27.50 before tax free per diems,12-Hour,Day Shift,,Traveler,"CCRN, ACLS",No,,3/2/17 0:20,3/2/17 0:25
"San Francisco, CA",Bachelors,Family Community Medicine,Medium,2 months,Minimal,"See 4-8 patients a day, primary care appts ",$36/hr,8-Hour,Day Shift,,Per-Diem,Spanish speaking,Yes,,3/2/17 1:06,3/2/17 1:10
"Toledo, OH",Bachelors,Stepdown,High,2,4 months (new graduate orientation),3-4:1,26.5,12-Hour,Night Shift,,Full-Time,"PCCNACLS",No,,3/2/17 1:06,3/2/17 1:11
"Chicago, IL",Bachelors,Surgery,High,4,12 weeks,1:01,28,8-Hour,Day Shift,,Full-Time,"CNOR, ACLS",No,,3/2/17 1:13,3/2/17 1:16
"Lubbock, TX",Bachelors,Impatient Oncology / Stem Cell ,Medium,2,8 weeks,3-4:1,26,12-Hour,Day Shift,,Full-Time,,Yes,,3/2/17 1:38,3/2/17 1:43
"Bronx, NY",Bachelors,Telemetry,High,0,6 months,4:01,25,12-Hour,Day Shift,,Full-Time,ACLS ,No,,3/2/17 2:29,3/2/17 2:34
Sparks Nevada ,Masters,ICU ,Medium,20+,4 weeks,3:01,45,12-Hour,Day Shift,,Full-Time,CFRN,No,,3/2/17 3:01,3/2/17 3:05
"Bethlehem, PA",Bachelors,Labor & Delivery,Medium,5,6 months,1:01,28.9,12-Hour,Night Shift,,Part-Time,,Yes,,3/2/17 3:07,3/2/17 3:10
"Atlanta, GA",Bachelors,Orthopedics/ENT/General Surgery/Urology,Low,2,4 months,5:01,28.5,12-Hour,Night Shift,,Full-Time,Psych nurse experience ,Yes,,3/2/17 3:38,3/2/17 3:42
"Lisbon, ct",Associates,Nursing,Low,23,Depends on experience and position,"Short term 20 to 1, long term 32 to 1, ridiculous. ...",41.00/hr,8-Hour,Day Shift,,Full-Time,RAC Certified,Yes,,3/2/17 3:40,3/2/17 3:47
"Canton, MS",Associates,Medication nurse,High,16 years,3 days,30:01:00,$19.00 ,12-Hour,Day Shift,,Per-Diem,"No",No,,3/2/17 3:57,3/2/17 4:03
"memphis,tn",Bachelors,skilled and ICF,Medium,53 years,I think it was about 3-4 days,15-20:1,$28/hr,12-Hour,Day Shift,,Part-Time,no,Yes,,3/2/17 4:15,3/2/17 4:24
"San Jose, CA",Masters,3 Surgical,High,1.5,30ish shifts ,5:1 (4:1 for telemetry patients),55.1,8-Hour,Mid Shift,,Part-Time,,Yes,,3/2/17 4:35,3/2/17 4:41
"Portland, OR",Bachelors,14K Adult Bone Marrow Transplant and Hematological Malignancies,Low,0.5,8 weeks,3:01,$37.02 ,12-Hour,Day Shift,,Full-Time,Not yet,Yes,,3/2/17 5:34,3/2/17 5:46
Akron oh,Bachelors,ED,Medium,4,1 year,3:01,24,12-Hour,Mid Shift,,Full-Time,"Cpen, credentialed for procedures",Yes,,3/2/17 6:59,3/2/17 7:04
"sacramento, ca",Bachelors,Med-Surg,Medium,3,3 weeks,4:01,71/hr,12-Hour,Day Shift,,Per-Diem,,Yes,,3/2/17 7:10,3/2/17 7:12
Brooklyn NY,Bachelors,Emergency department,High,2,3 months ,"1:18 on average, no limits. Worst I had was 1:32.",46,12-Hour,Night Shift,,Full-Time,"CEN, CPEN",No,,3/2/17 7:07,3/2/17 7:12
"Knoxville, TN",Bachelors,,High,<1 year,6 months,2/3:1,18.65,12-Hour,Night Shift,,Full-Time,,Yes,,3/2/17 8:04,3/2/17 8:07
"Towson, Md",Associates,Telemetry ,High,8,3 months,5:01,30,12-Hour,Night Shift,,Full-Time,No,No,,3/2/17 8:08,3/2/17 8:12
"Lakewood, Washington ",Bachelors,Psychology ,Medium,3,10 weeks ,15:01,32,8-Hour,Mid Shift,,Full-Time,Nope,Yes,,3/2/17 8:30,3/2/17 8:37
"Columbus, GA",Bachelors,Interventional Post Holding,Low,3,2 weeks,1:1 to 1:6 depending on overnight stays,22,12-Hour,Night Shift,,Full-Time,,Yes,,3/2/17 8:59,3/2/17 9:02
"Asheville, NC",Associates,Neuro,High,10,4 months,4-5:1,30.98,12-Hour,Night Shift,,Full-Time,"Certified in lumbar drain specimen collectionACLS InstructorBLS Instructor",Yes,,3/2/17 9:09,3/2/17 9:15
"Macon, GA",Bachelors,Flex Pool,High,9,3 months,5:01,28,12-Hour,Night Shift,,Full-Time,CCRN,Yes,,3/2/17 10:38,3/2/17 10:42
"Tampa, FL",Bachelors,Trauma ICU,High,3,13 weeks,3:01,23,12-Hour,Night Shift,,Full-Time,,No,,3/2/17 11:36,3/2/17 11:38
"Houston, TX",Bachelors,Medical-Surgical,Medium,2,3 months,4-5:1,32,12-Hour,Day Shift,,Full-Time,,Yes,,3/2/17 12:10,3/2/17 12:12
"Austin,TX",Bachelors,Medical/Surgical,High,1,10 weeks,5:01,24/hr,12-Hour,Day Shift,,Full-Time,,Yes,,3/2/17 12:10,3/2/17 12:13
"Moreno Valley, Ca",Associates,Med surg,Medium,4,1 week,5:01,21,12-Hour,Night Shift,,Traveler,"BLS, ACLS, IV CERT ",Yes,,3/2/17 11:59,3/2/17 12:20
"Minneapolis, Minnesota ",Masters,NICU,Medium,1,6 months,3:01,$35.52 ,8-Hour,,Day/Night,Full-Time,,Yes,,3/2/17 12:24,3/2/17 12:32
"Denver, CO",Bachelors,Med/tele,Medium,6 months,5 weeks,5:1 or 6:1 on nights ,$24/hr + $4/hr for nights ,12-Hour,Night Shift,,Full-Time,,Yes,,3/2/17 12:45,3/2/17 12:52
"Columbus, GA",Associates,Telemetry,High,2,2 weeks,5:01,29.10/hr,12-Hour,Night Shift,,Full-Time,"ACS, ACLS ",Yes,,3/2/17 13:06,3/2/17 13:13
"Columbus, GA",Associates,PCS-telemetry floor,High,3,0 weeks,5:01,$21/hr,12-Hour,Night Shift,,Full-Time,,No,,3/2/17 13:11,3/2/17 13:21
"Ann Arbor, MI",Bachelors,Adult Emergency Services,Medium,7,6 months for new grad ,3:01,33.1,12-Hour,Mid Shift,,Full-Time,CEN TCRN EMT-P,Yes,,3/2/17 13:31,3/2/17 13:34
Columbus GA,Bachelors,Critical care,High,20+,It's than 12hrs,5:01,$33/hr,12-Hour,Day Shift,,Full-Time,PCCN certification ,Yes,,3/2/17 13:55,3/2/17 13:59
"Mesa, AZ",Bachelors,Emergency,Medium,8,3 Shifts,4:01,35,12-Hour,Day Shift,,Full-Time,CEN,No,,3/2/17 13:56,3/2/17 13:59
"Youngstown, Ohio",Tech,Nursing,High,3,"6 weeks initial training, with additional training as requested and when moving to new units.","13:1 on vent unit, 24:1 on other units.",18/hr base.,12-Hour,Day Shift,,Full-Time,,No,,3/2/17 14:03,3/2/17 14:16
"Kansas City, KS",Bachelors,Neuro/ENT ICU ,Low,4,12 weeks,2:01,25.52,12-Hour,Night Shift,,Full-Time,"CCRN, Balloon Pump, Stroke Team",Yes,,3/2/17 14:18,3/2/17 14:28
Coon rapids mn ,Bachelors,Medical surgical ,High,20,8 weeks ,4:01,40,12-Hour,Day Shift,,Part-Time,No,Yes,,3/2/17 15:34,3/2/17 15:39
Raleigh nc,Bachelors,Labor & delivery ,Medium,5,60 days,2:01,26,12-Hour,Night Shift,,Full-Time,N/a,No,,3/2/17 15:56,3/2/17 15:59
"Chicago, il",Bachelors,Family birth place (ldrp) ,Medium,3 years,10 weeks ,1:1 labor or 1:3-4 couplets,32,12-Hour,Night Shift,,Full-Time,"RNC-OB, charge nurse, cross trained in special care NICU",Yes,,3/2/17 15:54,3/2/17 16:02
"Asheville, North Carolina ",Associates,Neurosciences,High,10,6 weeks,4:01,$29.49/hr,12-Hour,Night Shift,,Full-Time,No,Yes,,3/2/17 19:02,3/2/17 19:07
"augusta, wisonsin",Tech,,Medium,30,3 weeks,Nursing Home was 15:1,11,8-Hour,Day Shift,,Full-Time,Farmer,No,,3/2/17 19:29,3/2/17 19:32
Los Angeles CA,Bachelors,Icu,Low,17,Learned on my own from peers,2:01,76,8-Hour,Day Shift,,Full-Time,Ccrn but let it lapse,Yes,,3/2/17 19:39,3/2/17 19:43
"Birmingham, AL",Bachelors,6 ortho,Medium,1,8 weeks,7:01,22,12-Hour,Day Shift,,Full-Time,,Yes,,3/2/17 21:15,3/2/17 21:20
"Coos Bay, Oregon",Associates,Emergency,High,22,7 days - 3 months,4:01,48.9,12-Hour,Night Shift,,Full-Time,CEN,No,,3/2/17 21:30,3/2/17 21:36
Columbus ga,Bachelors,PCN,High,2,14 weeks,6:01,$22 ,12-Hour,Night Shift,,Full-Time,,No,,3/3/17 9:45,3/3/17 9:51
"Philadelphia, PA",Bachelors,TSICU,Medium,2,3 months,2:01,39.8,12-Hour,,50/50 days nights,Full-Time,,Yes,,3/3/17 16:44,3/3/17 16:47
"Houston, TX",Masters,Community Health,Medium,10,3 mths,n/a,40,8-Hour,Day Shift,,Full-Time,bilingual,Yes,,3/3/17 21:36,3/3/17 21:45
"New Bedford,MA",Associates,ER,High,16,1 month,1-May,40,12-Hour,Day Shift,,Full-Time,no,No,,3/4/17 5:07,3/4/17 5:12
New Brunswick NJ,Masters,Medsurg,Medium,7,3 months,N/A,30,8-Hour,Day Shift,,Per-Diem,No,Yes,,3/4/17 17:58,3/4/17 18:09
Thousand Oaks CA,Associates,Hemodialysis,Low,27+,3-6 months,12-Jan,$53.41 ,8-Hour,,24 hour responsibility/Management,Full-Time,CNN,Yes,,3/5/17 7:20,3/5/17 7:28
Los Angeles,Associates,MedSurge,High,8,3 weeks,5:01,36/hr,12-Hour,Day Shift,,Full-Time,CCRN,No,,3/5/17 7:29,3/5/17 7:45
"San Luis Obispo, CA",Masters,Primary care,Medium,13,5 weeks,8 patients/day,"$150,000 yr",8-Hour,Day Shift,,Full-Time,Yale trained,Yes,,3/5/17 18:33,3/5/17 18:37
Leonardtown MD,Associates,Care Coordination ,Medium,8,1 week ,260:01:00,"68,000/year ",8-Hour,Day Shift,,Full-Time,0,Yes,,3/5/17 18:48,3/5/17 18:53
"Ann Arbor, Michigan",Associates,Outpatient,Medium,20 years as RN,6 weeks for outpatient clinic,"N/A for outpatient clinic.  phone triage, patient education (one-on-one), patient visits (one-on-one)",$40.00/hour,8-Hour,Day Shift,,Full-Time,,Yes,,3/5/17 23:10,3/5/17 23:19
"Van Nuys, CA",Masters,Pediatrics ,Low,2,1 month,4:01,$32 ,12-Hour,Night Shift,,Full-Time,Masters in nursing ,Yes,,3/5/17 23:48,3/5/17 23:54
"dalton, ga",Tech,er,High,0.5,1 week,5-8:1,15/hr,12-Hour,Night Shift,,Per-Diem,Spanish,No,,3/6/17 1:21,3/6/17 1:25
"Houston, TX",Bachelors,Emergency Center,Medium,1,1 year,"4:1, 5:1",32.49/hr,12-Hour,Day Shift,,Full-Time,,Yes,,3/6/17 2:33,3/6/17 2:35
"Houston, tx",Bachelors,PCU,Medium,1,1 month ,5:01,30,12-Hour,Day Shift,,Full-Time,I'm energetic :) ,Yes,,3/6/17 3:35,3/6/17 3:37
Boston MA ,Bachelors,ICU,High,4,1 week,2:1 or 1:2 or 1:1,$25/hr,12-Hour,Night Shift,,Traveler,Ccrn,Yes,,3/6/17 3:35,3/6/17 3:44
Houston TX,Bachelors,Trauma/Surgical ICU,Medium,8,3 months,2:01,38.48,12-Hour,Night Shift,,Full-Time,CCRN-CSC-CMC CVRNII-BC,Yes,,3/6/17 3:48,3/6/17 3:52
"Portland, OR",Bachelors,ED ,Medium,5,2 days,4:01,$2400/every other week,12-Hour,Night Shift,,Traveler,No,Yes,,3/6/17 3:53,3/6/17 3:56
"Houston, TX",Bachelors,Emergency,Medium,1,3 months,1:04,36.50/hr,12-Hour,Night Shift,,Full-Time,N/A,Yes,,3/6/17 4:06,3/6/17 4:10
"Houston, TX",Bachelors,Trauma Surgical ICU,Medium,3,6 months,2:01,$34/hour,12-Hour,Day Shift,,Full-Time,CCRN,Yes,,3/6/17 4:11,3/6/17 4:14
Texas,Bachelors,Emergency center,High,6,3 months,4:01,$35/hr,12-Hour,Night Shift,,Full-Time,None,Yes,Ben taub is the best place to learn ,3/6/17 4:14,3/6/17 4:18
"Washington, dc",Bachelors,ED,High,4,4 months,5 or 6;1,55,12-Hour,Day Shift,,,CEN,No,,3/6/17 4:33,3/6/17 4:36
"SAN Antonio, Texas ",Bachelors,Emergency room ,Medium,3,1 month ,1:04,34,12-Hour,Mid Shift,,Per-Diem,,Yes,,3/6/17 4:41,3/6/17 4:48
"San Francisco, CA",Bachelors,ICU,Medium,2,5 days,2:01,$75/hr,8-Hour,Mid Shift,,Traveler,CCRN,Yes,None at this time,3/6/17 5:00,3/6/17 5:16
"Houston, TX",Bachelors,Emergency department ,Medium,3,4 months ,4:01,"80,000/yr",12-Hour,Day Shift,,Full-Time,,Yes,Absolutely love my job,3/6/17 5:12,3/6/17 5:20
Houston,Masters,ICU,Medium,4,6 weeks,2:01,35/hour,12-Hour,Day Shift,,Per-Diem,,Yes,,3/6/17 5:23,3/6/17 5:25
"Houston, tx ",Bachelors,ER,High,4,6 weeks,5:01,34/hr,12-Hour,Night Shift,,Full-Time,,Yes,,3/6/17 5:40,3/6/17 5:44
Houston,Bachelors,ER/TSICU,Medium,2,1 year,4:01,33.30/hr,12-Hour,Night Shift,,Full-Time,CEN,Yes,,3/6/17 5:40,3/6/17 5:45
"Houston, TX",Bachelors,ED,High,5,one week,4:01,$43/hr,12-Hour,Night Shift,,Full-Time,,Yes,,3/6/17 5:46,3/6/17 5:51
"San Antonio, TX",Bachelors,ER,High,1,10 weeks,3:01,$34/hr,12-Hour,Night Shift,,Full-Time,No,Yes,No ,3/6/17 6:02,3/6/17 6:08
"Houston, TX",Bachelors,Emergency Center ,Medium,4.5,2 months ,5:01,$33.50/hr,12-Hour,Night Shift,,Full-Time,"CEN, Level 1 trauma experience ",Yes,,3/6/17 7:43,3/6/17 7:47
Houston ,Bachelors,Preop/PACU,Low,4,2weeks,4-Jan,45/hr,,Day Shift,,,,Yes,,3/6/17 8:18,3/6/17 8:23
"Houston, TX",Masters,ER,High,6,12 weeks ,1:04,48,12-Hour,Night Shift,,Full-Time,CEN ,Yes,No,3/6/17 16:16,3/6/17 16:19
Washington dc,Masters,Pre Op,High,10,2 weeks,3:01,$51/hour,10-Hour,Day Shift,,Full-Time,CEN,Yes,No,3/6/17 16:22,3/6/17 16:27
"Alhambra, CA",Tech,Clinic,High,2,3 months,Unknown,$22.00/hr,8-Hour,Day Shift,,Full-Time,,No,,3/6/17 18:10,3/6/17 18:23
"San Jose, CA",Bachelors,PICU,Low,1 year,12 weeks,1:02,$63.79/hr,8-Hour,Mid Shift,,Part-Time,PALS certified,Yes,"One thing that makes it difficult to work in my department is that the patient population is mostly Spanish speaking.  I don't speak Spanish well so it can make the patient experience difficult at times.  We have phone interperters available, but as you can imagine, that can impact the patient's experience as well as the staff's experience with assisting the family. ",3/6/17 21:04,3/6/17 21:16
"Houston, tx",Bachelors,Emergency department ,Medium,3,9 months,6:01,"60,000",12-Hour,Day Shift,,Full-Time,,Yes,,3/7/17 1:35,3/7/17 1:41
"Sunnyvale, CA",Bachelors,med/surg,High,7,1 month,5:01,$78/hr,12-Hour,Day Shift,,Part-Time,"CMSRN, RN-BC, PHN",Yes,what do you plan to do with this information?,3/7/17 2:34,3/7/17 2:38
"Houston, tx",Masters,Er,High,6 years,6 weeks,"4:1, shock rooms unlimited ratio",36.15,12-Hour,Night Shift,,Full-Time,Tncc,Yes,None,3/7/17 3:53,3/7/17 3:57
"Muncie, IN ",Bachelors,,Medium,15,1 m,1:02,34/h,8-Hour,Day Shift,,Full-Time,,No,,3/7/17 11:22,3/7/17 11:25
"Baltimore, MD",Associates,Icu,Low,1,3 months,2:01,$27 ,12-Hour,Day Shift,,Full-Time, ,Yes, ,3/7/17 14:10,3/7/17 14:13
"Houston, TX",Associates,ER,Medium,9,2 weeks,4:01,45/hr,12-Hour,Day Shift,,Full-Time,"CEN, CPEN",Yes,none,3/7/17 15:19,3/7/17 15:24
"Houston, texax",Masters,Perioperative services for cardiovascular anesthesia,Low,18,3 months,NA,64$/hr,10-Hour,Day Shift,,Full-Time,,Yes,,3/7/17 17:15,3/7/17 17:21
"Baltimore, MD",Bachelors,Imc (intermediate medical care),High,4,10 weeks,4:01,$30.50/hr,12-Hour,Day Shift,,Full-Time,N/a,Yes,N/a,3/7/17 21:23,3/7/17 21:29
"Baltimore, md",Associates,Telemetry,High,5,Three months ,6:01,30,12-Hour,Night Shift,,Full-Time,,No,,3/7/17 23:44,3/7/17 23:49
Roseville,Bachelors,NICU,Low,6,4 days,"1:1, 1:2, 1:3",71,8-Hour,Night Shift,,Part-Time,RNC ,Yes,,3/8/17 0:13,3/8/17 0:16
"las vegas, nv",Bachelors,PreOp/Pacu,Medium,5,3 months,2:01,39.75/hr,,Day Shift,,Full-Time,,Yes,,3/8/17 0:31,3/8/17 0:34
OAKLEY,Associates,SURGERY,High,3,6,1:01,36,12-Hour,Night Shift,,Full-Time,NOT REALLY - WORK HARD - SPEAK POLISH,No,\,3/8/17 5:03,3/8/17 5:08
Losangeles,Masters,Nursing,High,7,1week,none,55,8-Hour,Day Shift,,Full-Time,board certify,Yes,no,3/8/17 14:24,3/8/17 14:28
Houston,Masters,Gynecological Oncology ,High,5,3 months,1:04,"60,000/year",12-Hour,Day Shift,,Full-Time,none,No,none,3/8/17 20:26,3/8/17 20:30
Houston,Masters,Gyn,High,5,3 months,1:04,"60,000/year",12-Hour,Day Shift,,Full-Time,none,Yes,Do not like email identifier,3/8/17 20:52,3/8/17 20:56
Corona,Masters,ICU,High,7,26,1:01,"110,000 annual",12-Hour,Night Shift,,Full-Time,No,Yes,Nice people,3/9/17 2:34,3/9/17 2:38
"Las Vegas, NV",Bachelors,CVTU ,Medium,5,,"1:1, 1:2, or 1:3",39/hr,12-Hour,Day Shift,,Full-Time,,Yes,,3/9/17 4:34,3/9/17 4:37
"Houston, Tx",Masters,E.D.,High,22,2 weeks,"1:5, 1:4",$46.00 ,12-Hour,Day Shift,,Full-Time,CEN,Yes,none,3/9/17 13:37,3/9/17 13:42
"San Mateo, CA",Masters,Behavioral Health,Medium,"Project Coordinator=3, NP=15",?,N/A,. ,,,N/A,Full-Time,,Yes,,3/9/17 19:22,3/9/17 19:36
"San Francisco, CA",Masters,Pediatric Oncology,High,5,0,5:01,62/hr ,10-Hour,Day Shift,,Full-Time,,Yes,,3/11/17 18:30,3/11/17 18:36
"Atlanta, GA",Bachelors,ER,High,20,4 weeks,4:01,43.24,12-Hour,Night Shift,,Full-Time,CEN TNCC ACLS PALS,No,No,3/12/17 7:54,3/12/17 7:58
"Brighton, MI",Associates,Internal Medicine/Peds/OB/GYn,Medium,40 years,don't remember,rarely saw patients. worked in call center triaging calls.,$32 ,8-Hour,Day Shift,,Part-Time,,Yes,,3/12/17 16:34,3/12/17 16:42
long beach ca,Masters,OB,Low,3,1 month,1:04,67.00 hr,12-Hour,Day Shift,,Full-Time,,Yes,,3/12/17 23:02,3/12/17 23:10
los angeles,Bachelors,OB,High,3,1  month,1:02,76.00/hr,8-Hour,Day Shift,,Full-Time,"L/D training, OB RNC",No,,3/12/17 23:49,3/12/17 23:53
"Long beach, CA",PhD or Higher,High risk,Medium,14,3,3,64,12-Hour,Day Shift,,Full-Time,Ultrasound certified ,Yes,No,3/13/17 0:03,3/13/17 0:08
"Los Angeles, Ca",Tech,Nursing,Low,13,7 weeks,4moms 4 babies,24,8-Hour,Day Shift,,Full-Time,No,No,No,3/12/17 23:47,3/13/17 0:20
"Bloomington, Ca",Bachelors,Labor and Delivery ,Medium,9 1/2,3 months ,2,49,12-Hour,Day Shift,,Full-Time,,Yes,,3/13/17 0:32,3/13/17 0:35
Lancaster California ,Masters,Outpatient ,Low,5,1 month,24,67,8-Hour,Day Shift,,Full-Time,FNP BC,Yes,,3/13/17 0:58,3/13/17 1:02
"Valencia, CA",Bachelors,Mental health ,Medium,5 months,1 month,6,37.43,12-Hour,Day Shift,,Full-Time,,Yes,I have 3 years RN Experience but I just started in the mental health field ,3/13/17 1:34,3/13/17 1:40
"Los Angeles, CA",Masters,Perinatal unit,Low,0-1 year,"2 week general orientation, 1 year new grad program",4-5:1,$43.00/hr,12-Hour,Day Shift,,Full-Time,"None, yet.",Yes,,3/13/17 1:42,3/13/17 1:47
"panorama city,ca",Bachelors,Labor and Delivery,Medium,18,,1:1-1 or 2,62,12-Hour,Night Shift,,Full-Time,RNC,Yes,,3/13/17 6:31,3/13/17 6:36
"Passdena, Ca",Bachelors,Maternal Child,Low,30,90 days,"1:3, 1:4",$51/hour,12-Hour,Night Shift,,Traveler,"32 years experience in labor & Delivery high risk ob Military nurse 10 yearsPlebotomist 5 years",Yes,,3/13/17 9:31,3/13/17 14:00
"Torrance, CA",Bachelors,Labor and Delivery ,Medium,11,6 months,1-4; varies based on if they are antepartum or intrapartum,$52.77/hour,12-Hour,Day Shift,,Full-Time,"RNC MNN, RNC LRN, RNC OB, C EFM, PHN, IBCLC",Yes,,3/13/17 14:08,3/13/17 14:17
Fort Worth Texas ,Associates,ICU,High,20,4 months,3 to 4,25,12-Hour,Day Shift,,Full-Time,No,No,Hostile environment ,3/13/17 18:15,3/13/17 18:21
"Los Angeles, CA",Masters,Labor & Delivery,Medium,8,3 months,2:01,50.24/hr (union-determined pay rates based on experience),12-Hour,Day Shift,,Full-Time,Fetal monitoring instructor ,Yes,,3/13/17 18:14,3/13/17 18:29
90501,Associates,Labor and Delivery,Medium,10,5 months,2-Jan,48.05,12-Hour,Night Shift,,Part-Time,"Rnc, special procedures, ",Yes,,3/14/17 0:59,3/14/17 1:05
"Mission Viejo, CA",Bachelors,Labor & Delivery,Medium,10,2 months,1:02,$45.50 ,12-Hour,Night Shift,,Full-Time,,Yes,,3/14/17 6:34,3/14/17 6:48
Philippines,Bachelors,Ward,High,1,1,100,15000 peso,8-Hour,Day Shift,,Full-Time,Phc,Yes,Good hospital,3/14/17 11:39,3/14/17 11:43
laguna beach,Bachelors,labor and delivery,Medium,25,1 week,"varies, 2:1",57.97,12-Hour,Day Shift,,Part-Time,RNC,Yes,,3/14/17 17:16,3/14/17 17:21
"Danvers, MA",Associates,,Medium,4,1-2 shifts per home case,1:1 or 1:2,$22/hr ,,,"varies, depending on shift/schedule preference",Per-Diem,,No,,3/14/17 19:57,3/14/17 20:04
Chicago suburbs,Bachelors,Emergency ,Medium,<1,1month,3:01,$35/hr,12-Hour,Day Shift,,Full-Time,"BLS, ACLS, TNCC, ENPC, PALS, ECRN",Yes,,3/15/17 0:34,3/15/17 0:39
"Chula VIsta, CA",Bachelors,ICU,Medium,9,3-4 months,2-Jan,50,12-Hour,Day Shift,,Full-Time,no,Yes,,3/15/17 3:28,3/15/17 3:33
"San Diego, CA",Bachelors,ICU,Low,6,Full year new grad program,2:01,"102,369/yr",,Day Shift,,Full-Time,CCRN,Yes,"The negative side is that ICU nurses are frequently floates to other units, not only ED but ALL other units from med-surg, PACU, SCI unit, extended care. Also, the level of acuitity seems to be decreasing and we have more ""Step down patients"" that overflow to our unit and the ratio changes to 3:1. Not too bad in my opinion though.",3/15/17 3:30,3/15/17 3:42
"Cathedral City, CA",Bachelors,Pediatric Cardiac Intensive Care Unit,Medium,6,3months,1:02,$40/hr,12-Hour,Night Shift,,Part-Time,,Yes,The shifts start at 0630 vs every other department that starts at 7. So if you float which is commonplace because it's a smaller department you have to wait even longer to start work and are expected to stay over. ,3/15/17 4:17,3/15/17 4:24
"Redlands, Ca",Masters,,High,11,None,1:03,$50/hour,10-Hour,Day Shift,,Full-Time,Certified as NPD specialist ,Yes,Work isn't always about the money. We are the only hospital in the area that hires new grads. Great family environment.!,3/15/17 5:39,3/15/17 5:47
"Oxnard, Ca",Bachelors,Labor and delivery ,Medium,2 years ,3 months ,1 to 3,$37.11 ,12-Hour,Night Shift,,Full-Time,"Also, nrp, stable ",Yes,None,3/15/17 5:45,3/15/17 5:48
"San Diego, CA",Masters,Labor and Delivery,High,1.5,6 weeks,1:2 or 1:1,41.04,12-Hour,Night Shift,,Full-Time,,No,,3/15/17 5:48,3/15/17 5:53
San Leandro ,Bachelors,Surgery,Low,4,6 months,1:01,$76/ hour,8-Hour,Mid Shift,,Full-Time,CNOR,Yes,,3/15/17 5:50,3/15/17 5:53
"Wilmington, NC",Bachelors,AISU,Medium,3,6 weeks,5-Jan,22.87,12-Hour,Night Shift,,Full-Time,,Yes,Low pay/ low pay raises,3/15/17 6:55,3/15/17 6:57
"Wilmington, NC",Associates,AISU,Medium,2,3 Months,6:01,22.44,12-Hour,Day Shift,,Full-Time,,Yes,,3/15/17 10:04,3/15/17 10:06
somerset ky ,Bachelors,medical ,High,11,2 weeks,7 sometimes 8,25.42,12-Hour,Day Shift,,Full-Time,acls ,No,run far away !!,3/15/17 10:10,3/15/17 10:16
Lancaster sc,Associates,Home care,Low,22,2 weeks,8-Jul,23/pt,,Day Shift,,Full-Time,No,Yes,Na,3/15/17 11:53,3/15/17 11:56
" Castro Valley, CA ",Bachelors,Labor & Delivery,Medium,3,8-12 weeks,1RN to 1-4 patients ,$60 ,8-Hour,Mid Shift,,Full-Time,No,Yes,,3/15/17 13:15,3/15/17 13:26
"San Jose, Ca",Bachelors,,Medium,1,6 wks,1:6 or 1:8,52,8-Hour,Night Shift,,Part-Time,,Yes,,3/15/17 13:38,3/15/17 13:41
"San Clemente, CA",Bachelors,L&D,Medium,37,2 wks,"laboring patients, 1:2","49.95 but then time and half after 4 hrs = 74.92, blended rate of $58.27",12-Hour,Day Shift,,Part-Time,Inpt OB and EFM certified,No,,3/15/17 13:50,3/15/17 14:01
"Tecumseh, michigan",Bachelors,Home care rn,Low,20,"Because I am a contract nurse, usually only a week of less",6-May,$1500.00 per week,8-Hour,Day Shift,,Full-Time,,Yes,I don't fit into the typical nurse box but answere questions as best I could,3/15/17 14:09,3/15/17 14:17
Concord CA,Bachelors,Triage,Medium,39,1 day,<10. I do phone BD drop in triage,$37 ,8-Hour,Day Shift,,Full-Time,"ACLSBilingual and bicultural Spanish",Yes,,3/15/17 14:15,3/15/17 14:21
"Overland Park,  KS ",Masters,Elementary School Nurse ,Low,3,0,1 to 500,"48,000 per year",8-Hour,Day Shift,,Full-Time,Inpatient Obstetrics certification and CPR instructor certification ,Yes,,3/15/17 18:38,3/15/17 18:42
"Kansas City, MO",Bachelors,ortho/neuro/trauma,High,almost 3,6 weeks,1:4-5,36/hr,12-Hour,Day Shift,,Per-Diem,ACLS NIHSS,Yes,no,3/15/17 18:48,3/15/17 18:51
"Kansas City, MO",Associates,Nephrology/Metabolic Unit,Medium,Less than a year - 7 months,6 weeks,1:5 on my unit,$23.04/hr plus $3/hr shift differential for nights and $2/hr differential for weekends,12-Hour,Night Shift,,Full-Time,None,Yes,None,3/15/17 18:46,3/15/17 18:51
"Kansas City, MO",Bachelors,Med onc,High,8,6 weeks,6-May,29.15/hr,12-Hour,Day Shift,,Full-Time,ONS,Yes,,3/15/17 18:48,3/15/17 18:52
"Kansas City, MO",Associates,Skilled Nursing,High,4,3 days,1:35,23.50/hour,8-Hour,Day Shift,,Full-Time,no,No,No,3/15/17 18:57,3/15/17 19:00
"Kansas City, Ks",Bachelors,ER,Medium,6,3 months,3:01,$27/hr before diff,12-Hour,Night Shift,,Full-Time,None,Yes,,3/15/17 18:57,3/15/17 19:02
"Wichita, KS",Bachelors,BirthCare Center,Low,14,10 weeks,Labor 1:1; postpartum 3:1,$26.25 ,12-Hour,Day Shift,,Full-Time,No,Yes,nope,3/15/17 19:00,3/15/17 19:03
"Olathe, KS",Bachelors,Women's health,Medium,4,9 days,5:01,26/hr,12-Hour,Day Shift,,Full-Time,"NRP STABLEBreastfeeding certified",No,,3/15/17 19:00,3/15/17 19:03
"Wichita, KS",Associates,ICU,High,2,12 weeks,1:1-1:3,$20.25 ,12-Hour,Day Shift,,Full-Time,,Yes,,3/15/17 19:01,3/15/17 19:04
"Overland Park, KS",Tech,Nursing ,High,19,,28-Dec,$26 ,,Mid Shift,,Full-Time,,Yes,,3/15/17 19:03,3/15/17 19:07
"Wichita, KS",Bachelors,LDRP,Low,5.5,12 weeks,1:1 for labor 1:4/1:3 for post partum ,$22.98 ,12-Hour,Day Shift,,Full-Time,On several hospital organizations ,Yes,,3/15/17 19:03,3/15/17 19:08
"Wichita, KS",Bachelors,Birthing Center,Medium,16,12 weeks,Varies 1-10,$26.10/hr,12-Hour,Day Shift,,Part-Time,"NRP CPRACLSFETAL MONITORING ",Yes,,3/15/17 19:02,3/15/17 19:08
"Liberty, MO",Bachelors,Emergency Department,Medium,5,6 months,1 to 3 or 4,$30 ,12-Hour,Mid Shift,,Per-Diem,,Yes,,3/15/17 19:05,3/15/17 19:10
"Kansas City, Kansas",Bachelors,Medical/Surgical,High,7,2 weeks,5,29,12-Hour,Day Shift,,Part-Time,,Yes,No,3/15/17 19:06,3/15/17 19:10
"Kansas city, Missouri ",Bachelors,ICU ,Medium,1,None,2:01,82000,,Day Shift,,Full-Time,Ccrn,Yes,No,3/15/17 19:07,3/15/17 19:13
"Wichita, ks",Bachelors,Birth care center ,Low,11,6 weeks,3-4 couples or 1 labor patient,26.51,12-Hour,Day Shift,,Full-Time,Relief charge nurse ,Yes,,3/15/17 19:02,3/15/17 19:14
"Wichita, KS ",Bachelors,Mother baby ,Low,9,2-3 months,8,$24.61 ,,,7a-3p & 3a-3p,Part-Time,No,Yes,,3/15/17 19:14,3/15/17 19:18
"Kansas city, Mo",Associates,Med/surg,High,4,6 weeks,1:6-8,$22.53 ,12-Hour,Night Shift,,Full-Time,,No,,3/15/17 19:11,3/15/17 19:20
"Kansas City, MO",Associates,3 North,Medium,7,6 weeks (18 weeks if new grad),"1:4-5 (day shift, have had 6 patients in a pinch)",$29/hr,12-Hour,Day Shift,,Part-Time,PCCN,No,,3/15/17 19:23,3/15/17 19:30
"Wichita, KS",Associates,Trauma/Medical,High,9,6 weeks,1:06,$24.91/hour,12-Hour,Day Shift,,Part-Time,CMSRN,Yes,,3/15/17 19:29,3/15/17 19:35
"Wichita, KS",Bachelors,MICU,High,4,12 weeks,2-3:1,$20.40 ,12-Hour,,,Full-Time,"I am fluent in French, which makes it really easy for me to understand Spanish.  ",Yes,"The biggest complaint I have about my hospital has more to do with upper management and HCA as a whole. They pay us terribly. I took a $6000/year pay cut coming from another hospital in KS and after having worked here for 3 years am still not up to what I was making as a new grad. Additionally, we use a version of Meditech which is extremely outdated. They keep saying ""we're going to 'update',"" but the version we are using was made in 1985 and they just keep adding code to it to make it fit the charting requirements set by JAHCO. This means who ever is doing the code will be the one to decide how we have to chart. For example, on 'yes or no' questions, to answer 'yes' on some question it's 'y', others '1', and still others it's '0'. There is no standard answer, we can't free text everything we need. We spend hours working on our charting. It's incredibly glitchy. And upper management does NOTHING to fix the problem. They won't give us a more competitive salary because the ""market"" (which is only the other hospitals in Wichita) says we are being paid well (but we haven't gotten a cost of living raise in a few years, even though cost of living has been increasing). They won't fix our computers. We aren't stocked well. And they wonder why people are leaving in droves.",3/15/17 19:14,3/15/17 19:37
"Lees Summit, MO",Bachelors,Neuroscience ,High,5,4 weeks,5-6:1 ,28.85/hr,12-Hour,Night Shift,,Full-Time,CNRN,No,"Constantly hearing about budget cuts, but we're creating upper admin positions ",3/15/17 19:26,3/15/17 19:38
"Shawnee mission, ks",Bachelors,Heart/Neurovascular Unit,High,3,6 weeks,4:1 days 5:1 nights ,26.69,12-Hour,Night Shift,,Full-Time,Charge nurse ,Yes,,3/15/17 19:35,3/15/17 19:40
"Kansas City, MO ",Bachelors,Urology/Nephrolog,Medium,14,3 months,4-5 to 1 nurse,$32 ,12-Hour,Day Shift,,Part-Time,,Yes,,3/15/17 19:35,3/15/17 19:42
"Kansas City, MO",Bachelors,N/A,Low,2,2 months ,N/A,"68,000/year",8-Hour,Day Shift,,Full-Time,N/A,Yes,No,3/15/17 19:39,3/15/17 19:42
"Kansas city, ks",Bachelors,Med tele,Medium,7,3 weeks,1:3-4,27.5,12-Hour,Day Shift,,Full-Time,Pccn cert,Yes,Glad I have a union to support me,3/15/17 19:35,3/15/17 19:43
"Olathe, KS",Associates,,Medium,0,6-12 weeks,Outpatient x30/day or 4-6 to each nurse,"23.75, new grad",12-Hour,Night Shift,,Full-Time,,No,,3/15/17 19:41,3/15/17 19:45
"Kansas City, MO",Bachelors,Critical Care,Medium,3,12 weeks ,2:01,28.00/HR,12-Hour,Night Shift,,Full-Time,TNCC,Yes,Nope,3/15/17 19:42,3/15/17 19:45
"Lees Summit, MO",Bachelors,Cardiology,Low,11,<4 weeks,outpatient up to 25/day,$31/hour,8-Hour,Day Shift,,Full-Time,,Yes,none,3/15/17 19:42,3/15/17 19:45
"Kansas City, MO",Bachelors,CVRU,Medium,8,6 weeks,1:04,29.20/hr,12-Hour,Day Shift,,Full-Time,,Yes,,3/15/17 19:44,3/15/17 19:48
"Kansas city, MO",Associates,Oncology ,Medium,22,6 wks,10-Jul,"65,000/year",10-Hour,Day Shift,,Full-Time,CRNI ,Yes,Some have flexible schedules,3/15/17 19:45,3/15/17 19:49
"Wichita, KS",Associates,Preop post op,Medium,15,6 weeks,5,31.4,8-Hour,Day Shift,,Full-Time,,Yes,,3/15/17 19:50,3/15/17 19:54
"Walnut Creek, CA",Masters,L&D,Low,34.5,8 weeks,1:2 or 1:1,99.5 per diem,8-Hour,Day Shift,,Per-Diem,RNC-HROB,Yes,No,3/15/17 19:49,3/15/17 19:54
"Kansas City,mo",Associates,Pcu,Medium,1,12 weeks,3:01,$28 ,12-Hour,Day Shift,,Full-Time,Acls ,Yes,,3/15/17 19:52,3/15/17 19:56
"Kansas city, ks",Masters,Trauma,Low,11,Na,Na,Undisclosed ,,Day Shift,,Full-Time,Yes,Yes,Ni,3/15/17 19:53,3/15/17 19:56
"Santa CRUZ, CA",Bachelors,"Labor and Delivery, NICU, post partum",High,27,2 weeks to 2 months,"2:1 LD, post partum 1:8",Last per diem job $84/hour,8-Hour,Mid Shift,,Per-Diem,"LD, NICU level 2 ( level 3 trained ), postpartum",No,"Computer work takes so much time away. We were putting in the standardized doctors orders, discontinuing orders.",3/15/17 19:40,3/15/17 19:57
"Wichita, KS",Bachelors,Neurosurgery,Medium,11,3 months,N/a,"55,000/year ",10-Hour,Day Shift,,Full-Time,No,Yes,No,3/15/17 19:55,3/15/17 19:59
"Kansas City, MO",Bachelors,ER,High,9,4 months,4:01,30.25,12-Hour,Night Shift,,Full-Time,No,No,No,3/15/17 19:54,3/15/17 19:59
"Wichita, KS",Bachelors,Surgery,Medium,10,6 weeks,1:01,$32/hr,10-Hour,Day Shift,,Full-Time,No,Yes,No,3/15/17 19:58,3/15/17 20:01
"Lees Summit, Mo",Masters,Case Management ,Low,2,6 weeks,1-Dec,80000/year,8-Hour,Day Shift,,Full-Time,CNL,Yes,No,3/15/17 19:57,3/15/17 20:03
"Excelsior Springs, MO",Associates,Psych,High,25,1 week,30 to 1,30,,Day Shift,,Full-Time,Charge,No,No,3/15/17 20:03,3/15/17 20:06
"Overland Park, KS",Bachelors,ICU,Medium,2,6 weeks - but I was already a nurse before I started working there,Usually 2 to 1,$23.05 plus shift differential. About to get a pay raise since that is what I was at as a first year nurse.,12-Hour,Night Shift,,Full-Time,"Not at the moment. I have certifications for ICU, but that doesn't set me apart from ICU nurses.",Yes,,3/15/17 19:53,3/15/17 20:07
"Merriam, Kansas",Bachelors,Apheresis ,Low,22,12,3-Feb,$42.77 ,10-Hour,Day Shift,,Full-Time,CDN,Yes,,3/15/17 20:04,3/15/17 20:09
"Kansas City, Kansas",Bachelors,Emergency Department,Medium,4,8 weeks,1:03,$37/hr,12-Hour,Day Shift,,Per-Diem,,Yes,,3/15/17 20:06,3/15/17 20:10
Kansas city ,Masters,Health information ,Low,3,2 weeks,Na,39,8-Hour,Day Shift,,Full-Time,CCM,Yes,No,3/15/17 20:11,3/15/17 20:15
Overland park ks,Associates,Med/tele ,High,1 1/2,"6weeks rn, 4days charge",1 to 5-7,23.85 hr,12-Hour,Night Shift,,Full-Time,No,No,,3/15/17 20:07,3/15/17 20:15
"Wichita, Ks",Associates,Ortho/Neuro,Medium,6,3 months ,6:01,$23 ,12-Hour,Day Shift,,Full-Time,No ,Yes,No,3/15/17 20:11,3/15/17 20:16
"Kansas city, mo",Associates,Med Surg Float pool,Medium,1,16 weeks,"Depends on floor,census, and staffing where from 4-8",Base pay is $23.78,12-Hour,Night Shift,,Full-Time,Not yet,Yes,,3/15/17 20:15,3/15/17 20:21
"Overland Park, KS",Associates,Same,Medium,17,3 days,40,$42250/year,8-Hour,Day Shift,,Full-Time,No,Yes,,3/15/17 20:31,3/15/17 20:34
"Denver, CO",Bachelors,Occupational Health,Low,3.5,2 weeks ,10-May,34,10-Hour,Day Shift,,Full-Time,Medical Interpreter (Spanish),Yes,None,3/15/17 20:21,3/15/17 20:37
"Wichita, KS",Bachelors,refuse to state,Medium,20,12 weeks,1-2 or 3,$31 ,12-Hour,Day Shift,,Full-Time,,Yes,,3/15/17 20:36,3/15/17 20:39
"Kansas City, Missouri ",Masters,CTSICU,High,31,6 weeks,"1:1, 1:2, or 2:1",$41 ,12-Hour,Day Shift,,Part-Time,"CCRN-CMC, CSC, PALS, ECMO, IABP, CRRT",Yes,No,3/15/17 20:34,3/15/17 20:39
"Lenexa, KS",Bachelors,Family Practice primary care,Medium,2,4 weeks,About 25 patients per clinic day,23.99,8-Hour,Day Shift,,Full-Time,No,Yes,,3/15/17 20:40,3/15/17 20:46
"Derby, ks",Associates,"ED, acute care, and residential",Medium,4,4 weeks,4,22.50 base,12-Hour,Night Shift,,Full-Time,"ACLS, PALS, BLS",Yes,,3/15/17 20:46,3/15/17 20:53
"Kansas City, Mo",Masters,Neurology Research,Low,1,2weeks,Na,35/hour,8-Hour,Day Shift,,Full-Time,Mscn,Yes,,3/15/17 20:52,3/15/17 20:56
"Wichita, KS",Bachelors,NICU,Medium,5,6 weeks,3-Feb,21.6,12-Hour,Day Shift,,Full-Time,No,Yes,,3/15/17 20:52,3/15/17 20:58
"Kansas City, MO",Bachelors,Med Surg,Medium,7 months,6 weeks,6:01,23.75/hr base,12-Hour,Night Shift,,Full-Time,Psych degree,Yes,No,3/15/17 20:55,3/15/17 20:59
"Kansas City, MO",Bachelors,Maternal Child,Medium,4,8 weeks,8,25.51,12-Hour,Day Shift,,Full-Time,"NRP, ACLS",Yes,,3/15/17 20:59,3/15/17 21:02
Kansas City MO,Associates,Oncology/Palliative care/Hospice,High,15,new grad 10 weeks experienced 6 weeks,5 pts to 1 nurse,31.76,12-Hour,Day Shift,,Full-Time,"Preceptor, chemo certification",Yes,Can not keep new grads long. They just don't want to work that hard. Addiction to cells phones and social media a problem,3/15/17 20:56,3/15/17 21:04
Wichita Kansas,Masters,Medical/surgical ,Medium,14,6 weeks,1:05,27,12-Hour,Day Shift,,Full-Time,CMSRN,Yes,,3/15/17 21:02,3/15/17 21:08
"Kansas City, MO",Associates,Floor nurse,High,3,3 weeks,6 to 1,25.60/hr,12-Hour,Night Shift,,Full-Time,No,No,,3/15/17 21:08,3/15/17 21:15
"Kansas City, MO",Bachelors,Critical Care ,Low,1,18 weeks ,4:01,"1,400 bi weekly",12-Hour,Night Shift,,Full-Time,,Yes,,3/15/17 21:18,3/15/17 21:21
"Wichita, ks",Bachelors,Ambulatory infusion center ,Low,9,6 weeks,24,$29 ,12-Hour,Day Shift,,Per-Diem,Chemo & bmt certified ,Yes,,3/15/17 21:23,3/15/17 21:28
"Durham, NC",Bachelors,Maternity Admissions,Low,8,6 weeks,4:01,28.56,12-Hour,Day Shift,,Full-Time,no,Yes,na,3/15/17 21:28,3/15/17 21:31
"Kansas City, Kansas",Associates,Ortho,Medium,4,6 weeks,4-Jan,13.00/hr,12-Hour,Day Shift,,Per-Diem,,Yes,,3/15/17 21:52,3/15/17 21:56
"Wichita, KS",Bachelors,Intensive Care,Low,6,6 weeks,1:1 to 1:2 depending on acuity,$31.25 ,12-Hour,Day Shift,,Full-Time,"ACLS, ABLS, TNCC, IABP, NIH",Yes,,3/15/17 21:59,3/15/17 22:09
"Olathe, KS ",Bachelors,Cardiac Telemetry ,High,7.5 months ,16 weeks ,"Can be as high as 6 or 7, but usually each nurse gets 4 or 5",$26.04/hr (extra $3/hr since I work night shift. My base pay is $23.04/hr),12-Hour,Night Shift,,Full-Time,"ACLS certified, able to read heart rhythms ",Yes,,3/15/17 22:02,3/15/17 22:11
"Kansas city, mo",Bachelors,Tele,Medium,2,12 weeke,6-May,"50,000- weekends",12-Hour,Night Shift,,Part-Time,,Yes,Website,3/15/17 22:08,3/15/17 22:11
"Overland Park, KS",Bachelors,ER,Low,5,12 weeks,3,27,12-Hour,Night Shift,,Part-Time,"Pccn, tncc, ebola response team, sane",Yes,Nurseskc,3/15/17 22:09,3/15/17 22:13
"Kansas city, mo",Bachelors,LDRP,Medium,11,3 weeks,1-4 to 1,$30.25/hr,12-Hour,Night Shift,,Full-Time,,Yes,NURSES KC,3/15/17 22:14,3/15/17 22:19
"Wichita, ks",Associates,Nursing,Medium,5,1 week,25-30,"$62,000/year",,Day Shift,,Full-Time,None,Yes,Fb,3/15/17 22:18,3/15/17 22:22
"Overland Park, KS",Bachelors,ICU,Medium,3,12 weeks. More if needed. ,1:2 or 1:1 depending on acuity,$1500 every 2 weeks,12-Hour,Day Shift,,Full-Time,"TNCC, ECMO, ",Yes,KC Nurses Facebook page,3/15/17 22:16,3/15/17 22:22
"Wichita, KS",Bachelors,BirthCare Center,Low,27,8 weeks,"Labor 1:1, PP 1:3-4",$32/hr,12-Hour,Day Shift,,Full-Time,"Relief Team Leader, RN Scrub Nurse for C-sections, High Risk OB experience ",Yes,Fellow nurse posted on facebook,3/15/17 22:06,3/15/17 22:24
San Diego ,Associates,Vascular access,High,4,4 months,8,56,12-Hour,Day Shift,,Full-Time,CCRN ,No,Friends,3/15/17 22:24,3/15/17 22:28
San Diego,Associates,ICU,Medium,15,1 month,2-Jan,48,12-Hour,Day Shift,,Full-Time,Ccrn,No,friends,3/15/17 22:29,3/15/17 22:32
Independence Missouri,Associates,PCU ,Medium,6,12 weeks ,4:01,$1100/week,12-Hour,Night Shift,,Full-Time,PCCN,Yes,FB ,3/15/17 22:50,3/15/17 22:55
Kansas City Missouri,Bachelors,Psychiatric,Low,1,10 weeks,1:33,26,8-Hour,Mid Shift,,Full-Time,No,Yes,Facebook,3/15/17 23:07,3/15/17 23:11
"Amsterdam, MO",Bachelors,CCU,Medium,3,8 weeks,3:1 or 2:1 depending on acuity,$24/hour,12-Hour,Day Shift,,Full-Time,"STEMI RN, ICU cross trained",Yes,KC Nurses,3/15/17 23:12,3/15/17 23:17
"Kansas City, MO",Bachelors,NICU,Medium,3,16 weeks divided in 2 segments ,1:2-4 depending on acuity,$25.67 ,12-Hour,Night Shift,,Full-Time,Not yet!,Yes,Nurses KC communication ,3/15/17 23:31,3/15/17 23:41
Kansas City ,Bachelors,NICU,High,5,16 weeks,3-Jan,28.00/hr,12-Hour,Day Shift,,Full-Time,,Yes,Nurses KC,3/15/17 23:39,3/15/17 23:42
"Olathe, Kansas ",Bachelors,ED,Low,5,90 days,1-4 at a time/10-15 a shift,28.6,12-Hour,Night Shift,,Full-Time,,Yes,NursesKC,3/15/17 23:33,3/15/17 23:43
"Wichita, KS",Bachelors,Med-Surge ,Medium,4,6 weeks,1:06,$22/hr,12-Hour,,,Part-Time,Charge ,No,Facebook,3/15/17 23:42,3/15/17 23:47
"Kansas City, MO",Bachelors,Oncology,Low,30 years,3 months,4-5 nurses 35 to 45 patients,"73,000 year",8-Hour,Day Shift,,Full-Time,OCN,Yes,No,3/15/17 23:41,3/15/17 23:48
"Kansas City, mo ",Masters,Would rather not answer,Medium,7,6 weeks,1:01,50/HR ,10-Hour,Day Shift,,Full-Time,"Certifications, advanced degrees",Yes,Nurses KC,3/15/17 23:55,3/16/17 0:01
"Shawnee Mission, KS",Bachelors,Oncology,Medium,4,8 weeks,1:05,27.7,12-Hour,Day Shift,,Full-Time,Chemotherapy/Biotherapy certification from ONS,Yes,Facebook,3/15/17 23:59,3/16/17 0:05
Kansas City,Bachelors,Ambulatory Clinic,Medium,6,<90 days,8-13 but that's just 1 provider and we have up to 8 providers seeing patients in a day,26,10-Hour,Day Shift,,Full-Time,"CPN, Urodynamic studies",Yes,Nurses KC on Facebook,3/16/17 0:21,3/16/17 0:27
"Wichita, KS",Bachelors,Surgery (OR),Low,1,13 weeks,1:1 as a surgical circulator,25,8-Hour,,Flex (1030-1900),Full-Time,CVOR,Yes,Facebook share,3/16/17 0:31,3/16/17 0:36
Kansas City,Bachelors,Out patient cancer center,Medium,1,6 weeks,20-30,30/hour,8-Hour,Day Shift,,Full-Time,No,No,A friend added me,3/15/17 22:07,3/16/17 0:38
"Overland Park, KS",Bachelors,Labor and Delivery,Medium,9,12 weeks,"2:1 Labor, up to 4 antepartum, 1:1 C/section, unlimited triages",$35 for PRN,12-Hour,Day Shift,,Per-Diem,,Yes,A friend ,3/16/17 0:43,3/16/17 0:50
"Kansas City, MO",Bachelors,Labor and Delivery,Medium,6.5,6 months,1nurse - 1/2 pts depending on pt acuity,27.62,12-Hour,Day Shift,,Full-Time,"NRP, RNC-OB",Yes,Facebook ,3/16/17 1:12,3/16/17 1:18
"Kansaa city, ks",Masters,Transplant,Medium,1,3 months,4,$65000 year,8-Hour,Day Shift,,Full-Time,Certification,Yes,Nurses kc,3/16/17 1:15,3/16/17 1:19
Olathe ks,Associates,Allergy,High,13,"4,weeks",1:03,510/week,10-Hour,Day Shift,,Full-Time,None,No,Fb,3/16/17 1:28,3/16/17 1:32
"Lancaster, CA",Bachelors,Couplet Care,Low,4,None,1:3 Couplets (mother/baby,49.94,8-Hour,Day Shift,,Full-Time,"RNC-MNN, BSN, Certified Lactation Education/Counselor, Resolve Through Sharing educator, NRP instructor",Yes,Email from AWHONN leader,3/16/17 1:36,3/16/17 1:42
Merriam ks,Bachelors,Labor and delivery ,Medium,19,2 weeks,4:1 antepartum ,38.14,12-Hour,Day Shift,,Part-Time,Ob inpatient  rnc ,Yes,Kc nurse fb page,3/16/17 1:52,3/16/17 1:55
"Butte, montana",Masters,Surgical services,Low,5,2 months,12-Jan,31/hr,8-Hour,Day Shift,,Full-Time,Conscious sedation. Med-surg,Yes,Friend,3/16/17 2:17,3/16/17 2:20
"Overland Park, kansas",Bachelors,Care coordination,Low,31,6weeks,Na,"76,000/year",8-Hour,Day Shift,,Full-Time,Na,Yes,Coworker,3/16/17 2:17,3/16/17 2:23
"Shawnee mission, KS",Associates,Labor and delivery ,Medium,Less than 1,12 weeks,1:2-4,24/hour,12-Hour,Night Shift,,Full-Time,"NRP , PALS ",Yes,Nurses KC,3/16/17 2:27,3/16/17 2:34
"wichita,ks",Associates,Med Surg,High,2,10 weeks,1-May,$21/hr,12-Hour,Day Shift,,Per-Diem,,Yes,facebook,3/16/17 3:02,3/16/17 3:11
"Kansas City, mo",Bachelors,NICU,Low,2,3 months,"1:1, 2:1, 3:1",25.75/hr,12-Hour,Night Shift,,Full-Time,Nope,Yes,Facebook,3/16/17 3:36,3/16/17 3:39
"Overland Park, KS",Associates,Pediatrics,Low,22,2 months,30,27.25/hour,,Day Shift,,Part-Time,No,No,,3/16/17 3:40,3/16/17 3:46
Overland Pk KS,Masters,Med/Surg ,Low,15,,5/1 days and nights,40,12-Hour,Day Shift,,Full-Time,ONC NE-BC,Yes,,3/16/17 3:41,3/16/17 3:48
"Lees Summit, MO",Bachelors,PACU/PreOp,Low,10,4weekd,1:02,34.25/hr,8-Hour,Day Shift,,Full-Time,,Yes,FaceBook,3/16/17 3:47,3/16/17 3:52
"Kansas City, MO",Bachelors,School Nurse,Low,18,2 days,25/day,"57,500/yr",8-Hour,Day Shift,,Full-Time,N/A,Yes,KC Nurses Facebook page,3/16/17 3:54,3/16/17 4:01
"Wichita, Ks",Bachelors,Adult inpatient ,Medium,2.5,6 weeks ,8-Apr,22.50/hr,12-Hour,Night Shift,,Full-Time,,Yes,Facebook ,3/16/17 5:15,3/16/17 5:19
jalandhar punjab,Bachelors,labour room,Medium,3 yrs,4 yrs,20,1500/day,8-Hour,Night Shift,,Full-Time,no,Yes,through net,3/16/17 6:18,3/16/17 6:23
"Wichita, KS",Associates,Patient Placement,Low,12,6 Weeks,6,24,12-Hour,Day Shift,,Per-Diem,No,Yes,Social Media,3/16/17 6:35,3/16/17 6:40
"Wichita, KS",Associates,Medical intensive care,High,1.75,16 weeks,2:1 most of the time 3:1 frequent ,22.01,12-Hour,Night Shift,,Full-Time,,Yes,Facebook,3/16/17 6:53,3/16/17 6:56
"Wichita, Ks",Bachelors,"Lab,Surgery & LDR",Low,22 years,6 weeks +,LDR-one on one.   PP 3-6 Couplets(3 to 6 mother infants),$ 30 hr plus on call and overtime,12-Hour,Day Shift,,Part-Time,"Phlebotomist, Surgical Technologist, High Risk LDR",Yes,Facebook,3/16/17 7:03,3/16/17 7:23
"Bakersfield,ca",Associates,Palliative Care,Medium,5,8 weeks,Varies,$65/hr,8-Hour,Day Shift,,Part-Time,CHPN,Yes,Email,3/16/17 7:19,3/16/17 7:24
"Lee's Summit, MO ",Bachelors,Labor and delivery ,Low,7,12 weeks,"2,1 more as triage up to 12",26/hr,12-Hour,Night Shift,,Full-Time,Surgical tech and working on RNCOB,Yes,Facebook ,3/16/17 7:32,3/16/17 7:42
"Kansas city,  mo",Bachelors,,Medium,6,8wks,5,"27.7 plus night diff 4, 2 for weekends",12-Hour,Night Shift,,Full-Time,Cmsrn,Yes,,3/16/17 7:52,3/16/17 7:55
"Kansas City, mo",Bachelors,Float pool,High,13,5 mo for grad nurses,5-6 med/surg and 4-5 for tele,$34/hr,12-Hour,Day Shift,,Per-Diem,"Cmsrn, shared governance chair of a council. ",Yes,Fb nurse kc group,3/16/17 7:52,3/16/17 8:00
independence mo,Bachelors,mana,Low,1,2 days,6-May,"73,000,yr",,Day Shift,,Full-Time,No,No,face,3/16/17 8:01,3/16/17 8:15
"Wichita, KS",Associates,Emergency Department,High,4,10 weeks,1:03,$21/hr,10-Hour,Day Shift,,Part-Time,,No,Facebook,3/16/17 10:25,3/16/17 10:31
"Wichita, Ks",Associates,Pediatric sedationd and infusions,High,7,6 weeks,15-Sep,24,10-Hour,Day Shift,,Full-Time,"APHON,PALS,paramedic",Yes,Facebook,3/16/17 10:27,3/16/17 10:33
"Wichita, ks",Associates,"Medical Surgical, Trauma",High,17,6wks,1-Jun,"60,000/year",12-Hour,Night Shift,,Full-Time,"Experience, Case Manager Neurovascular/ Women's Health",No,Facebook,3/16/17 11:48,3/16/17 11:57
"Kansas City, mo",Bachelors,Lactation,Medium,17,6 weeks,14,35,8-Hour,Day Shift,,Part-Time,Ibclc - lactation consultant,Yes,Facebook,3/16/17 12:43,3/16/17 12:48
"Wichita, KS",Associates,Valve Clinic,Low,1 1/2,Continous,20,$27/hr,10-Hour,Day Shift,,Full-Time,Sedation Certification ,Yes,Facebook ,3/16/17 12:52,3/16/17 12:57
"Wichita, KS",Bachelors,Neonatal Intensive Care Unit,Low,1,15 weeks ,3-Jan,19.75/hr,12-Hour,Night Shift,,Full-Time,No,No,Facebook group ,3/16/17 13:22,3/16/17 13:26
"Valley center, ks",Associates,Nursing,Low,2,6 weeks,8 patients to 1 nurse and 2 aides,20.91,8-Hour,Day Shift,,Per-Diem,Not necessarily ,Yes,Facebook,3/16/17 13:51,3/16/17 13:55
"Independence, MO",Associates,Crisis,High,1,1 week,8,"52,000/ year",8-Hour,Day Shift,,Full-Time,Instructor (level one med aide),Yes,Facebook ,3/16/17 15:02,3/16/17 15:06
"Hutchinson, KS",Associates,Tele,High,4,12 weeks,6-May,22.45,12-Hour,Day Shift,,Part-Time,,Yes,Internet,3/16/17 15:10,3/16/17 15:14
Mission Kansas,Bachelors,Nursing ,Medium,2,10 shifts. All shifts and meds,1:30,26,12-Hour,Day Shift,,Full-Time,Na,Yes,KC nurses,3/16/17 15:42,3/16/17 15:44
"Kansas City,MO",Bachelors,Behavioral Health,High,4,Maybe 2-3 weeks if lucky,1:12 most days ,26/HR,12-Hour,Day Shift,,Full-Time,No,No,NursesKC,3/16/17 15:53,3/16/17 15:58
Long Beach,Bachelors,Mother-Baby,Medium,4,Seven weeks,1:08,45,12-Hour,Day Shift,,Full-Time,RNC-MNN,Yes,From AWOHNN LA chapter coordinator R. Cervantes,3/16/17 16:10,3/16/17 16:16
"Paola, Ks",Bachelors,Ground West,Low,3,10 weeks,3,27,12-Hour,Day Shift,,Full-Time,"Trained in wound vac and outpatient management, able to float to output clinic, partial completion of MSN",Yes,KC Nurses Facebook page,3/16/17 17:27,3/16/17 17:33
Wichita Kansas ,Associates,Health services,Low,23,2 days,800 kids and staff,"48,000/year",,Day Shift,,Full-Time,,Yes,,3/16/17 17:41,3/16/17 17:45
asfdsf,High School / GED,nursing,Low,1,1,1-Jan,11,,Day Shift,,Per-Diem,1,No,11,3/16/17 17:46,3/16/17 17:48
"Wichita, KS",Bachelors,Float,Low,4,8,5:01,$24/hr,12-Hour,Day Shift,,Full-Time,,Yes,,3/16/17 17:46,3/16/17 17:50
"Wichita, KS",Bachelors,Birth Care Center,Low,10,Not sure but at the end I was ready.,"1:1 during labor, 1:3 or 1:4 couplets postpartum",About 25$/hr,12-Hour,Day Shift,,Full-Time,Not at this time,Yes,Another nurse were I work posted a link on Facebook,3/16/17 17:29,3/16/17 18:45
"Kansas City, MO",Bachelors,Breast centers,Low,1,3 months ,12,34,8-Hour,Day Shift,,Full-Time,Chemo certified ,Yes,Nurses kc,3/16/17 19:04,3/16/17 19:07
"Newton, KS",Bachelors,Maternal Child,High,10,Not sure but it wasn't sufficient at this hospital.,"1:1 in labor, 1:4 couplets in post partum",21$/hr,12-Hour,,3pm to 3 am,Full-Time,,No,A coworker,3/16/17 18:45,3/16/17 19:16
Kansas City Kansas ,Associates,Float pool ,Medium,8,6 weeks,1-May,39,12-Hour,Day Shift,,Per-Diem,No,Yes,Facebook ,3/16/17 20:54,3/16/17 20:58
"Kansas City, MO",Bachelors,Emergency ,Medium,3,16 weeks,3:01,$25 ,12-Hour,Mid Shift,,Full-Time,Dept requirements--TNCC and such. I'm working on my CEN currently. ,Yes,Through a Facebook page for KC area nurses. ,3/17/17 1:29,3/17/17 1:37
"Wichita, KS",Associates,Stroke/renal failure,Medium,1,"1 year residency, 6 weeks floor orientation ",1:6/7 nights---1:5/6 days,20.96,12-Hour,Night Shift,,Full-Time,NIHSS certified,No,Facebook,3/17/17 1:43,3/17/17 1:50
"Kansas City, Kansas ",High School / GED,Dermatology ,Medium,2,6 weeks ,40,"$41,000/year",8-Hour,Day Shift,,Full-Time,No,Yes,Facebook ,3/17/17 2:11,3/17/17 2:15
Lees summit missouri,Associates,Multiple sclerosis ,Medium,13,1 week,15,23,8-Hour,Day Shift,,Full-Time,Iv certified ,No,Social media,3/17/17 3:04,3/17/17 3:10
"Wichita,KS",Bachelors,Birthcare Center ,Medium,10,3 months,1:06,25.56,12-Hour,Day Shift,,Full-Time,,Yes,Nurses ICT Facebook page,3/17/17 3:21,3/17/17 3:28
"New York, NY",Bachelors,OB,Low,2,As needed,L/d 2:1,60,,Day Shift,,Full-Time,2 certifications,Yes,Friend,3/17/17 3:24,3/17/17 3:29
"Overland Park, KS ",Bachelors,L&D,Medium,8,12 weeks,1:02,$38/hr,12-Hour,Day Shift,,Full-Time,OBRNC,Yes,Facebook ,3/17/17 4:03,3/17/17 4:09
"Wichita, ks",Associates,Med surg,Medium,4,6 weeks,1:05,26,12-Hour,Day Shift,,Full-Time,,No,Facebook,3/17/17 6:06,3/17/17 6:09
Kansas City mo,Bachelors,Er,Medium,2,6 months ,3-Jan,22.33,12-Hour,Night Shift,,Full-Time,Tncc enpc,Yes,Facebook ,3/17/17 13:33,3/17/17 13:38
Lenexa. Ks,Associates,Nursing Admin,Medium,11,3 shifts,0,46,12-Hour,Night Shift,,Full-Time,No,Yes,Facebook,3/17/17 14:39,3/17/17 14:42
"Wichita, KS",Masters,Emergency department ,Medium,Three months,12 weeks,1:03,$20.08/hr + shift differential,12-Hour,Mid Shift,,Full-Time,MHA,Yes,Nurses ICT,3/17/17 15:11,3/17/17 15:18
"Kansas City, Mo",Bachelors,Med/surg,High,24,4 weeks,1 to 5/6,34$/hr,12-Hour,Day Shift,,Per-Diem,,No,Nurses KC,3/18/17 6:44,3/18/17 6:49
"Kansas City, MO",Bachelors,Labor and Delivery,Medium,12,12 weeks,2:01,31,12-Hour,Day Shift,,Full-Time,,Yes,Nurses KC Facebook page,3/18/17 15:55,3/18/17 16:00
"Blue Springs, MO",Masters,Hospitalist group,Low,3,12 weeks,8,"94,000/year",10-Hour,Day Shift,,Full-Time,Certified in family practice,Yes,From KC Nurse's webpage,3/18/17 15:59,3/18/17 16:03
Kansas City ,Associates,Pharmaceutical ,Low,2,5weeks,175-1,"71,000/yr",8-Hour,Day Shift,,Full-Time,No,Yes,Nurses KC,3/18/17 16:41,3/18/17 16:50
Kansas City. Mo,Bachelors,ICU,High,32,12 weeks ,1:02,36.56,12-Hour,Day Shift,,Full-Time,CNRN ,Yes,Facebook ,3/18/17 16:47,3/18/17 16:52
"Overland Park, KS",Bachelors,,Low,5,6-8 weeks ,1:10,"90,000/year",8-Hour,Day Shift,,Full-Time,,Yes,NurseKC,3/18/17 17:41,3/18/17 17:55
"Overland Park, ks",Bachelors,Orthopedics,High,8,3 weeks,5:01,27.45,12-Hour,Day Shift,,Full-Time,No,No,Nurses kc,3/18/17 18:46,3/18/17 18:53
"Shawnee,ks",Bachelors,Infection control,Low,2,4 months,0:00,27.8,8-Hour,Day Shift,,Full-Time,,Yes,NursesKC,3/18/17 20:19,3/18/17 20:23
"Kansas City, MO",Bachelors,Mother Baby,Medium,35,6 wks,1 to 4-6 couplets,35 per hour,12-Hour,Day Shift,,Full-Time,RNC inpatient OB,No,facebook,3/18/17 20:33,3/18/17 20:42
"Kansas City, MO",Bachelors,Med/Tele,Medium,10 years,6 weeks?,4-6patients:1RN,33.45/hr,12-Hour,Day Shift,,Part-Time,No,No,Nurses KC facebook page.,3/18/17 21:56,3/18/17 22:02
"Kansas City, MO",Bachelors,Orthopedic,High,5,90 days,1:05,$25.00/hr,12-Hour,Day Shift,,Full-Time,"OCN, Bachelor's in Sports Medicine",Yes,NURSESKC,3/18/17 22:12,3/18/17 22:16
"Overland Park, KS",Bachelors,Labor & Delivery,Medium,8,12 weeks,2:01,36/hr prn,12-Hour,Night Shift,,Per-Diem,,Yes,Nurses KC,3/18/17 23:11,3/18/17 23:15
"shawnee mission, kansas",Bachelors,ldr,Medium,10,8 weeks?,1 to 1 or 2,36/hr,12-Hour,Day Shift,,Per-Diem,no,Yes,fb,3/19/17 1:42,3/19/17 1:46
"Kansas City, KS",Bachelors,PACU,Medium,37,??,1:2.ratio  5-6/day,36.69,,Mid Shift,,Full-Time,No,Yes,Facebook,3/19/17 1:35,3/19/17 1:46
KS,Bachelors,,High,4,4 weeks,2 birthing mothers and 1 couplet to 1 nurse,25.00/hr,12-Hour,,Days and nights required,Full-Time,,No,NursesKC,3/19/17 2:09,3/19/17 2:23
"Raytown, Mo",Bachelors,,High,1,2weeks,8-May,36,12-Hour,Day Shift,,Full-Time,"30 years of management . Certified exercise specialist, certified chest pain coordinator",Yes,KC nurses ,3/19/17 2:44,3/19/17 2:49
Kansas city,Bachelors,Burn unit,High,4,13 weeks,4 to 1,26.9,12-Hour,Day Shift,,Full-Time,Burn cert,Yes,Fb,3/19/17 2:54,3/19/17 2:57
"Kansas City, MO",Bachelors,"Pre-op, PACU",High,2,12 weeks,2/3/01,$24 ,8-Hour,Day Shift,,Full-Time,Experienced ICU nurse,No,I was invited to join the page by a nurse friend.,3/19/17 2:50,3/19/17 3:03
"Kansas City, KS",High School / GED,Pulmonary Hypertension Comprehensive Care Center/Med-Tele,Medium,1,3 days,1:7-11,13,12-Hour,Day Shift,,Per-Diem,NA,Yes,Nurses KC,3/19/17 3:22,3/19/17 3:25
"Kansas city, ks",Associates,Med-tele,Medium,<1,12 weeks,5-Apr,23,12-Hour,Day Shift,,Full-Time,,Yes,Nurses KC fb page,3/19/17 3:24,3/19/17 3:30
Overland Park ks,Masters,Er,Medium,36,12 weejs,3-Jan,41,12-Hour,Mid Shift,,Part-Time,,Yes,Internet,3/19/17 4:15,3/19/17 4:20
"Kansas City, MO",Bachelors,Education ,Low,3,3 months ,NA,33,,Day Shift,,Part-Time,"SANE, Crisis Prevention Instructor ",Yes,KC Nurses,3/19/17 5:47,3/19/17 5:56
"Wichita, KS",Associates,Nursing,Medium,3,4 days,1,$17/hour,8-Hour,Mid Shift,,Full-Time,,Yes,Facebook,3/19/17 6:15,3/19/17 6:20
"Kansas City, MO",Associates,Med/Tele,Medium,2,10wk,1:05,27/hr,12-Hour,Night Shift,,Full-Time,N/A,Yes,Nurses KC FB page ,3/19/17 7:15,3/19/17 7:20
"Kansas City, MO",Bachelors,NICU,Low,1,3 months,3-Jan,25.05/hr,12-Hour,Night Shift,,Full-Time,,Yes,Online,3/19/17 9:50,3/19/17 9:57
"Kansas city, mo",Bachelors,Med surg/ Tele,High,1,12 shifts,1:6 nights ,24.04 /hr base pay,12-Hour,Night Shift,,Full-Time,,No,Fb,3/19/17 11:10,3/19/17 11:16
"Kansas City, MO",Bachelors,ER,Medium,15,It varies based on the experience of the nurse. ,4:01,"31.25, plus 3.75 hr differential for midshift (11-11)",12-Hour,Mid Shift,,Full-Time,,No,Nurses KC on Facebook,3/19/17 11:49,3/19/17 11:56
"Burleson, Texas",Masters,ER,High,24,3 weeks,1:05,$40/hr,12-Hour,Night Shift,,Full-Time,"TNCC, PALS, ACLS, BCLS",No,Nurses KC,3/19/17 12:24,3/19/17 12:28
Kansas City Missouri ,Associates,Nursing,Medium,<1,Weeks ,Staff/patient 1:20,"65,000/years ",8-Hour,Day Shift,,Full-Time,,Yes,Nurses KC,3/19/17 13:53,3/19/17 14:02
"Kansas City, MO",Associates,Ortho/Neuro/Trauma,High,3,6weeks,1-Jun,26,12-Hour,Night Shift,,Full-Time,,No,Nurses KC,3/19/17 14:13,3/19/17 14:17
"Kansas city, mo",Associates,Medical telemetry,Medium,2,1 week,4 to 1,27.6,12-Hour,Day Shift,,Full-Time,,Yes,Nurses of Facebook page ,3/19/17 14:13,3/19/17 14:17
"Kansas City, KS",Associates,BHU/ addiction recovery,Medium,4,6 weeks,9-Aug,36/ hr,12-Hour,Day Shift,,Per-Diem,Nope,Yes,KC nurses,3/19/17 14:21,3/19/17 14:25
"Overland Park, KS",Bachelors,Nursing,Medium,7,2 weeks,1:14,$27/hour RN,,Day Shift,,Full-Time,,Yes,Nurses KC,3/19/17 14:24,3/19/17 14:28
"Shawnee, KS",Bachelors,Nursing,Medium,1,6-8 weeks,Outpatient 30:day,20.00/hr,10-Hour,Day Shift,,Per-Diem,,Yes,Facebook,3/19/17 14:59,3/19/17 15:03
"Kansas City, MO",Associates,Rehab unit,High,1,4 days,"1 nurse, 11 patients","50,000/year",12-Hour,Day Shift,,Full-Time,no,Yes,Nurses KC,3/19/17 15:19,3/19/17 15:22
Overland Park Ks,Masters,NICU,Low,24,2mos,1:8-10,$60 ,12-Hour,Day Shift,,Full-Time,QI,Yes,Facebook ,3/19/17 15:39,3/19/17 15:43
"Kansas City, KS",Bachelors,Medical ICU,Medium,1,5 days,1:02,13,,Day Shift,,,,Yes,KC Nurses FB group ,3/19/17 15:49,3/19/17 15:52
"Olathe, KS",Associates,Medical Surgical/Pediatrics,Medium,1,6 weeks,1:5 or 6,24,12-Hour,Night Shift,,Full-Time,ENPC,Yes,Nurses KC,3/19/17 17:01,3/19/17 17:08
"Kansas City, mo",Masters,Medical surgical,Medium,7,6 weeks,5:1 days,27.5,12-Hour,Night Shift,,Full-Time,Cmsrn,Yes,Na,3/19/17 18:14,3/19/17 18:17
"Kansas City, MO",Masters,Women's Services,Low,5,3 months,"1:1 for labor, 3:1 for postpartum",$33/hour,12-Hour,Day Shift,,Per-Diem,FNP-C,Yes,NursesKC,3/19/17 18:44,3/19/17 18:48
"Kansas City, MO",Bachelors,5 Henson/Hall,Medium,22,Don't remember!!,3-4:1,"$65,000/yr- weekend option program",12-Hour,Night Shift,,Part-Time,"CPN, CCRC, experience in clinical research and legal nurse consulting ",No,Through KC Nurse,3/19/17 19:52,3/19/17 20:01
"Wichita,KS",Associates,Postpartum ,Medium,1,3 months ,7-May,19.75,12-Hour,Night Shift,,Full-Time,,Yes,Nurse ICT,3/19/17 22:56,3/19/17 23:00
"Overland Park, KS",Masters,Performance Improvement ,Medium,2,0,NA,$35.36/hr,8-Hour,Day Shift,,Full-Time,MBA in healthcare management ,Yes,Nurse Group on FB,3/20/17 1:11,3/20/17 1:15
"Kansas City, MO",Bachelors,Home Dialysis ,Medium,6.5,3 months ,4,32.51,8-Hour,Day Shift,,Full-Time,,No,KC Nurse Facebook Group,3/20/17 2:42,3/20/17 2:46
"Baltimore, Md",Bachelors,NICU,Medium,39,12 weeks,1:1 to 1:3,49,12-Hour,Day Shift,,Full-Time,No,No,Email,3/20/17 13:35,3/20/17 13:41
Douala,Bachelors,Medecine generale et chirurgie,Medium,3-5 ans,Sciences infirmieres,25 environ,Sans objet,8-Hour,Day Shift,,Full-Time,Sans objet,Yes,By Work in canada as a nurse,3/20/17 16:54,3/20/17 17:06
Douala,Bachelors,"Medecine,chirurgie,maternit,pediatrie;neonatologie",Medium,6 ans environ,Sciences infirmires,20-25 patients,sans objet,8-Hour,Day Shift,,Full-Time,Enseignante en sciences infirmires,Yes,Simpli.com,3/20/17 17:08,3/20/17 17:16
ne,Bachelors,n,High,r,5,6,5,12-Hour,Day Shift,,Full-Time,r,Yes,f,3/21/17 0:40,3/21/17 0:44
"Kansas City, Mo",Bachelors,Step Down,High,25,6 weeks,1:04,32/hour,12-Hour,Day Shift,,Per-Diem,Magnet Committee ,Yes,NursesKC Facebook Page,3/21/17 3:52,3/21/17 3:58
Wichita ks,Bachelors,LDR,Medium,7,8 weeks,4,23,8-Hour,Day Shift,,Full-Time,,Yes,Facebook ,3/22/17 2:08,3/22/17 2:11
Kansas City,Bachelors,Float Pool,Medium,3,3,5,25.99,12-Hour,Night Shift,,Full-Time,ACLS,Yes,Nurses kc,3/22/17 3:26,3/22/17 3:29
"Kansas City, KS",Bachelors,LPN program,Low,3,About an hour,7 students to 1 instructor,$45 ,8-Hour,Day Shift,,Part-Time,,Yes,AWHONN,3/22/17 11:56,3/22/17 12:02
"Olathe, KS",Bachelors,PN program,High,2,About a month,No.more than 10:1,"Varies depending on experience and master grid, 15 yrs experience started me at $63,000",,Day Shift,,Full-Time,,No,Nurses KC,3/22/17 12:04,3/22/17 12:10
"Chattanooga, TN",Bachelors,Med/Surg,Medium,1,6 weeks,1:05,$20.71/hr,,Day Shift,,Full-Time,"ACLS certified, BSN education",Yes,Facebook,3/22/17 16:45,3/22/17 16:49
"Palo Alto, CA",Masters,Labor and Delivery,Low,16,6 months,1:02,$101.00/hr (night shift),12-Hour,Night Shift,,Part-Time,"RNC, Chage Nurse",Yes,Facebook,3/22/17 16:47,3/22/17 16:53
"Kansas City, mo",Associates,Surgery,Low,3,8 months,1:01,25/hr,8-Hour,Day Shift,,Full-Time,O.R.,Yes,Facebook,3/22/17 22:02,3/22/17 22:07
"Wichita, KS",Bachelors,"Via Christi Direct (transfer center, aka Patient Placement)",High,34,6 weeks,"Floors are 6-7, ICU's usually tripled.",$33/hr,12-Hour,Day Shift,,Full-Time,"Varied experiences ranging from Neonatal and Pediatric ICU's to Trauma/Burn ICU, as well as Peds sedation RN",No,ICT Nurses Facebook page ,3/23/17 3:54,3/23/17 4:03
"West Hills, CA",Masters,Maternal Child Health,Low,20,2 months,L&D 1:2,"$122,00/year",8-Hour,Day Shift,,Full-Time,"AWHONN FHM Instructor, Certifications in FHM and Obstetrical Nursing",Yes,AWHONN,3/23/17 16:02,3/23/17 16:09
"Kansas city, mo",Associates,Hospice,Medium,0,4 weeks,1:05,30/hour,8-Hour,Day Shift,,Full-Time,No,Yes,Nyrses kc,3/24/17 13:17,3/24/17 13:21
CEBU CITY PHILIPPINES,Bachelors,ADMIN,Medium,7MONTHS,,0.083333333,"13,000/MONTH",8-Hour,,,Full-Time,,No,,3/24/17 13:50,3/24/17 13:55
"Chapel Hill, NC",Bachelors,Radiation Oncology,Low,9,3 months,20,32,,Day Shift,,Full-Time,"CPHON, BSN",Yes,Physician colleague,3/24/17 18:01,3/24/17 18:05
"San Diego, CA ",Bachelors,Primary Care,Low,6,3 months,0-6,50,8-Hour,Day Shift,,Part-Time,None ,Yes,Friend,3/29/17 2:50,3/29/17 3:02
"San diego, ca",Bachelors,Labor and delivery,High,18,12 weeks,1:02,49.65,12-Hour,Night Shift,,Full-Time,RNC,Yes,Facebook,3/29/17 5:34,3/29/17 5:43
"houston, tx",Bachelors,Emergency Center,High,1,6 months,4:01,32,12-Hour,Night Shift,,Full-Time,"TNCC",Yes,MD coworker that works in the EC.,3/29/17 7:32,3/29/17 7:36
"Wichita, KS",Associates,Hospitalist stroke unit,Medium,3yrs,6wks,7-Jun,1400/biweek,12-Hour,Night Shift,,Full-Time,,Yes,Posting,3/29/17 22:39,3/29/17 22:46
"San Diego, CA",Bachelors,Surgery,Low,24,7 months,1:01,$59.14 an hour,12-Hour,Mid Shift,,Full-Time,,Yes,A nursing friend.  ,3/31/17 14:57,3/31/17 15:01